,name,salary,team,year,salary_Num
0,Trae Young,"$43,031,940",atlanta-hawks,2024,43031940
1,Clint Capela,"$22,265,280",atlanta-hawks,2024,22265280
2,Caris LeVert,"$16,615,384",atlanta-hawks,2024,16615384
3,Onyeka Okongwu,"$14,000,000",atlanta-hawks,2024,14000000
4,Z. Risacher,"$12,569,040",atlanta-hawks,2024,12569040
5,Terance Mann,"$11,423,077",atlanta-hawks,2024,11423077
6,Larry Nance Jr.,"$11,205,000",atlanta-hawks,2024,11205000
7,Georges Niang,"$8,500,000",atlanta-hawks,2024,8500000
8,Dyson Daniels,"$6,059,520",atlanta-hawks,2024,6059520
9,Jalen Johnson,"$4,510,905",atlanta-hawks,2024,4510905
10,Kobe Bufkin,"$4,299,000",atlanta-hawks,2024,4299000
11,Bones Hyland,"$4,158,439",atlanta-hawks,2024,4158439
12,David Roddy,"$2,847,240",atlanta-hawks,2024,2847240
13,Garrison Mathews,"$2,230,253",atlanta-hawks,2024,2230253
14,Vit Krejci,"$2,162,606",atlanta-hawks,2024,2162606
15,Mouhamed Gueye,"$1,891,857",atlanta-hawks,2024,1891857
16,Dominick Barlow,"$922,983",atlanta-hawks,2024,922983
17,Keaton Wallace,"$578,577",atlanta-hawks,2024,578577
18,Daeqwon Plowden,"$347,451",atlanta-hawks,2024,347451
19,Seth Lundy,"$186,594",atlanta-hawks,2024,186594
20,Jacob Toppin,"$131,903",atlanta-hawks,2024,131903
21,Kevon Harris,"$119,972",atlanta-hawks,2024,119972
22,Jaylen Brown,"$49,205,800",boston-celtics,2024,49205800
23,Jayson Tatum,"$34,848,340",boston-celtics,2024,34848340
24,Jrue Holiday,"$30,000,000",boston-celtics,2024,30000000
25,K. Porzingis,"$29,268,293",boston-celtics,2024,29268293
26,Derrick White,"$19,821,429",boston-celtics,2024,19821429
27,Al Horford,"$9,500,000",boston-celtics,2024,9500000
28,Payton Pritchard,"$6,696,429",boston-celtics,2024,6696429
29,Luke Kornet,"$2,800,834",boston-celtics,2024,2800834
30,B. Scheierman,"$2,494,320",boston-celtics,2024,2494320
31,Xavier Tillman,"$2,237,691",boston-celtics,2024,2237691
32,Neemias Queta,"$2,162,606",boston-celtics,2024,2162606
33,Sam Hauser,"$2,092,344",boston-celtics,2024,2092344
34,Jordan Walsh,"$1,891,857",boston-celtics,2024,1891857
35,Torrey Craig,"$1,046,289",boston-celtics,2024,1046289
36,Drew Peterson,"$578,577",boston-celtics,2024,578577
37,JD Davison,"$571,779",boston-celtics,2024,571779
38,Miles Norris,"$131,903",boston-celtics,2024,131903
39,Ben Simmons,"$39,256,083",brooklyn-nets,2024,39256083
40,Nicolas Claxton,"$27,556,817",brooklyn-nets,2024,27556817
41,Cameron Johnson,"$23,062,500",brooklyn-nets,2024,23062500
42,Bojan Bogdanovic,"$19,032,850",brooklyn-nets,2024,19032850
43,D'Angelo Russell,"$18,692,307",brooklyn-nets,2024,18692307
44,D. Melton,"$12,822,000",brooklyn-nets,2024,12822000
45,Ziaire Williams,"$6,133,005",brooklyn-nets,2024,6133005
46,Cam Thomas,"$4,041,249",brooklyn-nets,2024,4041249
47,Day'Ron Sharpe,"$3,989,122",brooklyn-nets,2024,3989122
48,Noah Clowney,"$3,244,080",brooklyn-nets,2024,3244080
49,Dariq Whitehead,"$3,114,342",brooklyn-nets,2024,3114342
50,Trendon Watford,"$2,726,603",brooklyn-nets,2024,2726603
51,Maxwell Lewis,"$1,891,857",brooklyn-nets,2024,1891857
52,Tyrese Martin,"$959,732",brooklyn-nets,2024,959732
53,Reece Beekman,"$578,577",brooklyn-nets,2024,578577
54,Tosan Evbuomwan,"$331,365",brooklyn-nets,2024,331365
55,Cui Yongxi,"$176,943",brooklyn-nets,2024,176943
56,Jaylen Martin,"$175,480",brooklyn-nets,2024,175480
57,Kendall Brown,"$154,423",brooklyn-nets,2024,154423
58,Tyson Etienne,"$131,903",brooklyn-nets,2024,131903
59,Killian Hayes,"$128,603",brooklyn-nets,2024,128603
60,Drew Timme,"$113,055",brooklyn-nets,2024,113055
61,LaMelo Ball,"$35,147,000",charlotte-hornets,2024,35147000
62,Miles Bridges,"$27,173,913",charlotte-hornets,2024,27173913
63,Jusuf Nurkic,"$18,125,000",charlotte-hornets,2024,18125000
64,Grant Williams,"$13,025,250",charlotte-hornets,2024,13025250
65,Josh Green,"$12,654,321",charlotte-hornets,2024,12654321
66,Brandon Miller,"$11,424,382",charlotte-hornets,2024,11424382
67,Josh Okogie,"$8,250,000",charlotte-hornets,2024,8250000
68,Tidjane Salaun,"$7,488,720",charlotte-hornets,2024,7488720
69,Davis Bertans,"$5,250,000",charlotte-hornets,2024,5250000
70,Tre Mann,"$4,908,373",charlotte-hornets,2024,4908373
71,Mark Williams,"$4,094,280",charlotte-hornets,2024,4094280
72,Seth Curry,"$3,303,771",charlotte-hornets,2024,3303771
73,Devonte Graham,"$2,850,000",charlotte-hornets,2024,2850000
74,Nick Smith,"$2,587,108",charlotte-hornets,2024,2587108
75,DaQuan Jeffries,"$2,425,403",charlotte-hornets,2024,2425403
76,Charlie Brown,"$2,237,692",charlotte-hornets,2024,2237692
77,D. Washington,"$2,162,607",charlotte-hornets,2024,2162607
78,Reggie Jackson,"$1,946,229",charlotte-hornets,2024,1946229
79,Moussa Diabate,"$1,314,865",charlotte-hornets,2024,1314865
80,KJ Simpson,"$578,577",charlotte-hornets,2024,578577
81,Elfrid Payton,"$446,565",charlotte-hornets,2024,446565
82,Isaiah Wong,"$427,879",charlotte-hornets,2024,427879
83,Damion Baugh,"$196,245",charlotte-hornets,2024,196245
84,W. Moore,"$186,594",charlotte-hornets,2024,186594
85,Jared Rhoden,"$135,120",charlotte-hornets,2024,135120
86,Malachi Flynn,"$128,603",charlotte-hornets,2024,128603
87,Marcus Garrett,"$107,027",charlotte-hornets,2024,107027
88,Lonzo Ball,"$21,395,348",chicago-bulls,2024,21395348
89,Nikola Vucevic,"$20,000,000",chicago-bulls,2024,20000000
90,Patrick Williams,"$18,000,000",chicago-bulls,2024,18000000
91,Kevin Huerter,"$16,830,357",chicago-bulls,2024,16830357
92,Zach Collins,"$16,741,200",chicago-bulls,2024,16741200
93,Coby White,"$12,000,000",chicago-bulls,2024,12000000
94,Tre Jones,"$9,104,167",chicago-bulls,2024,9104167
95,Jalen Smith,"$8,571,429",chicago-bulls,2024,8571429
96,Josh Giddey,"$8,352,367",chicago-bulls,2024,8352367
97,Ayo Dosunmu,"$7,000,000",chicago-bulls,2024,7000000
98,Jevon Carter,"$6,500,000",chicago-bulls,2024,6500000
99,Chris Duarte,"$5,893,768",chicago-bulls,2024,5893768
100,Matas Buzelis,"$5,195,520",chicago-bulls,2024,5195520
101,Dalen Terry,"$3,510,480",chicago-bulls,2024,3510480
102,Torrey Craig,"$2,845,342",chicago-bulls,2024,2845342
103,Julian Phillips,"$1,891,857",chicago-bulls,2024,1891857
104,E.J. Liddell,"$578,577",chicago-bulls,2024,578577
105,Adama Sanogo,"$578,577",chicago-bulls,2024,578577
106,Emanuel Miller,"$344,234",chicago-bulls,2024,344234
107,DJ Steward,"$215,548",chicago-bulls,2024,215548
108,Jahmir Young,"$173,725",chicago-bulls,2024,173725
109,Darius Garland,"$36,725,670",cleveland-cavaliers,2024,36725670
110,Donovan Mitchell,"$35,410,310",cleveland-cavaliers,2024,35410310
111,De'Andre Hunter,"$21,696,429",cleveland-cavaliers,2024,21696429
112,Jarrett Allen,"$20,000,000",cleveland-cavaliers,2024,20000000
113,Max Strus,"$15,212,068",cleveland-cavaliers,2024,15212068
114,Evan Mobley,"$11,227,657",cleveland-cavaliers,2024,11227657
115,Isaac Okoro,"$10,185,186",cleveland-cavaliers,2024,10185186
116,Dean Wade,"$6,166,667",cleveland-cavaliers,2024,6166667
117,Jaylon Tyson,"$3,326,160",cleveland-cavaliers,2024,3326160
118,Ty Jerome,"$2,560,975",cleveland-cavaliers,2024,2560975
119,Javonte Green,"$696,955",cleveland-cavaliers,2024,696955
120,Luke Travers,"$578,577",cleveland-cavaliers,2024,578577
121,Emoni Bates,"$578,577",cleveland-cavaliers,2024,578577
122,Ricky Rubio,"$424,672",cleveland-cavaliers,2024,424672
123,Nae'Qwan Tomlin,"$204,840",cleveland-cavaliers,2024,204840
124,Chuma Okeke,"$115,743",cleveland-cavaliers,2024,115743
125,Anthony Davis,"$43,219,440",dallas-mavericks,2024,43219440
126,Kyrie Irving,"$40,000,000",dallas-mavericks,2024,40000000
127,Klay Thompson,"$15,873,016",dallas-mavericks,2024,15873016
128,PJ Washington,"$15,500,000",dallas-mavericks,2024,15500000
129,Daniel Gafford,"$13,394,160",dallas-mavericks,2024,13394160
130,Caleb Martin,"$9,186,594",dallas-mavericks,2024,9186594
131,Naji Marshall,"$8,571,429",dallas-mavericks,2024,8571429
132,Max Christie,"$7,142,857",dallas-mavericks,2024,7142857
133,Dereck Lively,"$5,014,409",dallas-mavericks,2024,5014409
134,Dwight Powell,"$4,000,000",dallas-mavericks,2024,4000000
135,S. Dinwiddie,"$3,303,771",dallas-mavericks,2024,3303771
136,O. Prosper,"$2,870,406",dallas-mavericks,2024,2870406
137,JaVale McGee,"$2,208,856",dallas-mavericks,2024,2208856
138,Jaden Hardy,"$2,019,699",dallas-mavericks,2024,2019699
139,Brandon Williams,"$598,120",dallas-mavericks,2024,598120
140,Kessler Edwards,"$578,577",dallas-mavericks,2024,578577
141,Jazian Gortman,"$578,577",dallas-mavericks,2024,578577
142,Moses Brown,"$139,391",dallas-mavericks,2024,139391
143,Kai Jones,"$135,120",dallas-mavericks,2024,135120
144,AJ Lawson,"$77,500",dallas-mavericks,2024,77500
145,Nikola Jokic,"$51,415,938",denver-nuggets,2024,51415938
146,Jamal Murray,"$36,016,200",denver-nuggets,2024,36016200
147,M. Porter,"$35,859,950",denver-nuggets,2024,35859950
148,Aaron Gordon,"$22,841,455",denver-nuggets,2024,22841455
149,Zeke Nnaji,"$8,888,889",denver-nuggets,2024,8888889
150,Dario Saric,"$5,168,000",denver-nuggets,2024,5168000
151,R. Westbrook,"$3,303,771",denver-nuggets,2024,3303771
152,DeAndre Jordan,"$3,303,771",denver-nuggets,2024,3303771
153,Christian Braun,"$3,089,640",denver-nuggets,2024,3089640
154,DaRon Holmes,"$3,065,640",denver-nuggets,2024,3065640
155,Julian Strawther,"$2,552,596",denver-nuggets,2024,2552596
156,Vlatko Cancar,"$2,425,403",denver-nuggets,2024,2425403
157,Peyton Watson,"$2,413,560",denver-nuggets,2024,2413560
158,Jalen Pickett,"$1,891,857",denver-nuggets,2024,1891857
159,Hunter Tyson,"$1,891,857",denver-nuggets,2024,1891857
160,Spencer Jones,"$578,577",denver-nuggets,2024,578577
161,PJ Hall,"$578,577",denver-nuggets,2024,578577
162,Trey Alexander,"$578,577",denver-nuggets,2024,578577
163,Tobias Harris,"$25,365,854",detroit-pistons,2024,25365854
164,Tim Hardaway Jr.,"$16,193,183",detroit-pistons,2024,16193183
165,Isaiah Stewart,"$15,000,000",detroit-pistons,2024,15000000
166,Cade Cunningham,"$13,940,809",detroit-pistons,2024,13940809
167,Dennis Schroder,"$13,025,250",detroit-pistons,2024,13025250
168,Ausar Thompson,"$8,376,291",detroit-pistons,2024,8376291
169,Ron Holland,"$8,245,320",detroit-pistons,2024,8245320
170,Jaden Ivey,"$7,977,240",detroit-pistons,2024,7977240
171,S. Fontecchio,"$7,692,308",detroit-pistons,2024,7692308
172,Malik Beasley,"$6,000,000",detroit-pistons,2024,6000000
173,Jalen Duren,"$4,536,840",detroit-pistons,2024,4536840
174,Paul Reed,"$4,015,938",detroit-pistons,2024,4015938
175,Marcus Sasser,"$2,755,229",detroit-pistons,2024,2755229
176,W. Moore,"$2,537,040",detroit-pistons,2024,2537040
177,Lindy Waters III,"$2,196,970",detroit-pistons,2024,2196970
178,Bobi Klintman,"$1,157,153",detroit-pistons,2024,1157153
179,Daniss Jenkins,"$578,577",detroit-pistons,2024,578577
180,Ron Harper Jr.,"$315,280",detroit-pistons,2024,315280
181,Tolu Smith,"$315,280",detroit-pistons,2024,315280
182,Alondes Williams,"$244,502",detroit-pistons,2024,244502
183,Javante McCoy,"$32,596",detroit-pistons,2024,32596
184,Stephen Curry,"$55,761,217",golden-state-warriors,2024,55761217
185,Jimmy Butler,"$48,798,677",golden-state-warriors,2024,48798677
186,Draymond Green,"$24,107,143",golden-state-warriors,2024,24107143
187,Gary Payton II,"$9,130,000",golden-state-warriors,2024,9130000
188,Buddy Hield,"$8,780,488",golden-state-warriors,2024,8780488
189,Jonathan Kuminga,"$7,636,307",golden-state-warriors,2024,7636307
190,Moses Moody,"$5,803,269",golden-state-warriors,2024,5803269
191,B. Podziemski,"$3,519,960",golden-state-warriors,2024,3519960
192,Gui Santos,"$1,891,857",golden-state-warriors,2024,1891857
193,T. Jackson-Davis,"$1,891,857",golden-state-warriors,2024,1891857
194,Pat Spencer,"$869,906",golden-state-warriors,2024,869906
195,Quinten Post,"$789,588",golden-state-warriors,2024,789588
196,Kevin Knox II,"$660,790",golden-state-warriors,2024,660790
197,Jackson Rowe,"$244,502",golden-state-warriors,2024,244502
198,Taran Armstrong,"$157,640",golden-state-warriors,2024,157640
199,Braxton Key,"$129,415",golden-state-warriors,2024,129415
200,Daeqwon Plowden,"$77,500",golden-state-warriors,2024,77500
201,Yuri Collins,"$66,503",golden-state-warriors,2024,66503
202,Fred VanVleet,"$42,846,615",houston-rockets,2024,42846615
203,Dillon Brooks,"$23,255,493",houston-rockets,2024,23255493
204,Steven Adams,"$12,600,000",houston-rockets,2024,12600000
205,Jalen Green,"$12,483,048",houston-rockets,2024,12483048
206,Reed Sheppard,"$10,098,960",houston-rockets,2024,10098960
207,Jabari Smith,"$9,770,880",houston-rockets,2024,9770880
208,Amen Thompson,"$9,249,748",houston-rockets,2024,9249748
209,Jeff Green,"$8,000,000",houston-rockets,2024,8000000
210,Jae'Sean Tate,"$7,565,217",houston-rockets,2024,7565217
211,Alperen Sengun,"$5,424,654",houston-rockets,2024,5424654
212,Aaron Holiday,"$4,668,000",houston-rockets,2024,4668000
213,Jaden Springer,"$4,018,363",houston-rockets,2024,4018363
214,Tari Eason,"$3,695,160",houston-rockets,2024,3695160
215,Cody Zeller,"$3,500,000",houston-rockets,2024,3500000
216,Cam Whitmore,"$3,379,068",houston-rockets,2024,3379068
217,Nate Williams,"$940,543",houston-rockets,2024,940543
218,Jack McVeigh,"$578,577",houston-rockets,2024,578577
219,N'Faly Dante,"$578,577",houston-rockets,2024,578577
220,AJ Griffin,"$250,000",houston-rockets,2024,250000
221,David Roddy,"$135,120",houston-rockets,2024,135120
222,Pascal Siakam,"$42,176,400",indiana-pacers,2024,42176400
223,T. Haliburton,"$42,176,400",indiana-pacers,2024,42176400
224,Myles Turner,"$19,928,500",indiana-pacers,2024,19928500
225,Obi Toppin,"$12,975,000",indiana-pacers,2024,12975000
226,Aaron Nesmith,"$11,000,000",indiana-pacers,2024,11000000
227,TJ McConnell,"$9,500,000",indiana-pacers,2024,9500000
228,B. Mathurin,"$7,245,720",indiana-pacers,2024,7245720
229,Jarace Walker,"$6,362,433",indiana-pacers,2024,6362433
230,Isaiah Jackson,"$4,435,380",indiana-pacers,2024,4435380
231,Thomas Bryant,"$2,800,834",indiana-pacers,2024,2800834
232,Ben Sheppard,"$2,663,880",indiana-pacers,2024,2663880
233,Andrew Nembhard,"$2,019,699",indiana-pacers,2024,2019699
234,Johnny Furphy,"$1,850,842",indiana-pacers,2024,1850842
235,Nik Stauskas,"$702,311",indiana-pacers,2024,702311
236,Tony Bradley,"$635,312",indiana-pacers,2024,635312
237,Enrique Freeman,"$578,577",indiana-pacers,2024,578577
238,Quenton Jackson,"$578,577",indiana-pacers,2024,578577
239,Juwan Morgan,"$576,230",indiana-pacers,2024,576230
240,Malik Fitts,"$555,217",indiana-pacers,2024,555217
241,RayJ Dennis,"$324,931",indiana-pacers,2024,324931
242,Moses Brown,"$306,660",indiana-pacers,2024,306660
243,Jahlil Okafor,"$150,179",indiana-pacers,2024,150179
244,Kawhi Leonard,"$49,205,800",los-angeles-clippers,2024,49205800
245,James Harden,"$33,653,846",los-angeles-clippers,2024,33653846
246,Norman Powell,"$19,241,379",los-angeles-clippers,2024,19241379
247,B. Bogdanovic,"$17,260,000",los-angeles-clippers,2024,17260000
248,Ivica Zubac,"$11,743,210",los-angeles-clippers,2024,11743210
249,Derrick Jones,"$9,523,810",los-angeles-clippers,2024,9523810
250,Kris Dunn,"$5,168,000",los-angeles-clippers,2024,5168000
251,Drew Eubanks,"$5,000,000",los-angeles-clippers,2024,5000000
252,Nicolas Batum,"$4,668,000",los-angeles-clippers,2024,4668000
253,Amir Coffey,"$3,938,271",los-angeles-clippers,2024,3938271
254,Patrick Mills,"$3,303,771",los-angeles-clippers,2024,3303771
255,Marjon Beauchamp,"$2,733,720",los-angeles-clippers,2024,2733720
256,Kobe Brown,"$2,534,024",los-angeles-clippers,2024,2534024
257,Jordan Miller,"$1,471,445",los-angeles-clippers,2024,1471445
258,Cam Christie,"$1,157,153",los-angeles-clippers,2024,1157153
259,Ben Simmons,"$1,082,061",los-angeles-clippers,2024,1082061
260,Josh Primo,"$1,000,000",los-angeles-clippers,2024,1000000
261,Trentyn Flowers,"$578,577",los-angeles-clippers,2024,578577
262,Kai Jones,"$578,577",los-angeles-clippers,2024,578577
263,P. Baldwin,"$141,554",los-angeles-clippers,2024,141554
264,Seth Lundy,"$141,554",los-angeles-clippers,2024,141554
265,LeBron James,"$48,728,845",los-angeles-lakers,2024,48728845
266,Luka Doncic,"$43,031,940",los-angeles-lakers,2024,43031940
267,Rui Hachimura,"$17,000,000",los-angeles-lakers,2024,17000000
268,D. Finney-Smith,"$14,924,167",los-angeles-lakers,2024,14924167
269,Austin Reaves,"$12,976,362",los-angeles-lakers,2024,12976362
270,Maxi Kleber,"$11,000,000",los-angeles-lakers,2024,11000000
271,Gabe Vincent,"$11,000,000",los-angeles-lakers,2024,11000000
272,J. Vanderbilt,"$10,714,286",los-angeles-lakers,2024,10714286
273,Dalton Knecht,"$3,819,120",los-angeles-lakers,2024,3819120
274,Markieff Morris,"$3,303,771",los-angeles-lakers,2024,3303771
275,Christian Wood,"$3,036,040",los-angeles-lakers,2024,3036040
276,Shake Milton,"$2,875,000",los-angeles-lakers,2024,2875000
277,Cam Reddish,"$2,463,946",los-angeles-lakers,2024,2463946
278,Jaxson Hayes,"$2,463,946",los-angeles-lakers,2024,2463946
279,Alex Len,"$1,177,206",los-angeles-lakers,2024,1177206
280,Bronny James,"$1,157,153",los-angeles-lakers,2024,1157153
281,Christian Koloko,"$578,577",los-angeles-lakers,2024,578577
282,Quincy Olivari,"$578,577",los-angeles-lakers,2024,578577
283,Armel Traore,"$578,577",los-angeles-lakers,2024,578577
284,Jordan Goodwin,"$364,102",los-angeles-lakers,2024,364102
285,Trey Jemison,"$286,325",los-angeles-lakers,2024,286325
286,Ja Morant,"$36,725,670",memphis_grizzlies,2024,36725670
287,Desmond Bane,"$34,005,250",memphis_grizzlies,2024,34005250
288,Jaren Jackson Jr,"$25,257,798",memphis_grizzlies,2024,25257798
289,M. Bagley,"$12,500,000",memphis_grizzlies,2024,12500000
290,Brandon Clarke,"$12,500,000",memphis_grizzlies,2024,12500000
291,Luke Kennard,"$9,250,000",memphis_grizzlies,2024,9250000
292,John Konchar,"$6,165,000",memphis_grizzlies,2024,6165000
293,Zach Edey,"$5,756,880",memphis_grizzlies,2024,5756880
294,Johnny Davis,"$5,291,160",memphis_grizzlies,2024,5291160
295,Santi Aldama,"$3,960,531",memphis_grizzlies,2024,3960531
296,V. Williams,"$2,120,693",memphis_grizzlies,2024,2120693
297,Jay Huff,"$2,088,033",memphis_grizzlies,2024,2088033
298,Scotty Pippen Jr,"$2,087,519",memphis_grizzlies,2024,2087519
299,Kennedy Chandler,"$2,019,699",memphis_grizzlies,2024,2019699
300,GG Jackson,"$1,891,857",memphis_grizzlies,2024,1891857
301,Jaylen Wells,"$1,157,153",memphis_grizzlies,2024,1157153
302,Lamar Stevens,"$668,735",memphis_grizzlies,2024,668735
303,Yuki Kawamura,"$578,577",memphis_grizzlies,2024,578577
304,Cam Spencer,"$578,577",memphis_grizzlies,2024,578577
305,Colin Castleton,"$534,045",memphis_grizzlies,2024,534045
306,Mamadi Diakite,"$464,050",memphis_grizzlies,2024,464050
307,Zyon Pullin,"$302,411",memphis_grizzlies,2024,302411
308,Bam Adebayo,"$34,848,340",miami-heat,2024,34848340
309,Tyler Herro,"$29,000,000",miami-heat,2024,29000000
310,Andrew Wiggins,"$26,276,786",miami-heat,2024,26276786
311,Terry Rozier,"$24,924,126",miami-heat,2024,24924126
312,Duncan Robinson,"$19,406,000",miami-heat,2024,19406000
313,Kyle Anderson,"$8,780,488",miami-heat,2024,8780488
314,Davion Mitchell,"$6,451,077",miami-heat,2024,6451077
315,H. Highsmith,"$5,200,000",miami-heat,2024,5200000
316,Kel'el Ware,"$4,231,800",miami-heat,2024,4231800
317,Kevin Love,"$3,850,000",miami-heat,2024,3850000
318,Jaime Jaquez,"$3,685,800",miami-heat,2024,3685800
319,Alec Burks,"$3,303,771",miami-heat,2024,3303771
320,Nikola Jovic,"$2,464,200",miami-heat,2024,2464200
321,Pelle Larsson,"$1,157,153",miami-heat,2024,1157153
322,Keshad Johnson,"$937,214",miami-heat,2024,937214
323,Josh Christopher,"$578,577",miami-heat,2024,578577
324,Dru Smith,"$578,577",miami-heat,2024,578577
325,Isaiah Stevens,"$350,668",miami-heat,2024,350668
326,Zyon Pullin,"$77,500",miami-heat,2024,77500
327,Damian Lillard,"$48,787,676",milwaukee-bucks,2024,48787676
328,G. Antetokounmpo,"$48,787,676",milwaukee-bucks,2024,48787676
329,Kyle Kuzma,"$24,456,060",milwaukee-bucks,2024,24456060
330,Brook Lopez,"$23,000,000",milwaukee-bucks,2024,23000000
331,Bobby Portis,"$12,578,286",milwaukee-bucks,2024,12578286
332,Pat Connaughton,"$9,423,869",milwaukee-bucks,2024,9423869
333,Taurean Prince,"$2,988,550",milwaukee-bucks,2024,2988550
334,Gary Trent Jr.,"$2,613,120",milwaukee-bucks,2024,2613120
335,Kevin Porter Jr.,"$2,237,691",milwaukee-bucks,2024,2237691
336,Jericho Sims,"$2,092,344",milwaukee-bucks,2024,2092344
337,Chris Livingston,"$1,891,857",milwaukee-bucks,2024,1891857
338,Tyler Smith,"$1,157,153",milwaukee-bucks,2024,1157153
339,Ryan Rollins,"$949,888",milwaukee-bucks,2024,949888
340,Liam Robbins,"$578,577",milwaukee-bucks,2024,578577
341,Stanley Umude,"$578,577",milwaukee-bucks,2024,578577
342,Pete Nance,"$147,988",milwaukee-bucks,2024,147988
343,Jamaree Bouyea,"$135,120",milwaukee-bucks,2024,135120
344,Anzejs Pasecniks,"$77,500",milwaukee-bucks,2024,77500
345,Jaylin Galloway,"$77,500",milwaukee-bucks,2024,77500
346,Rudy Gobert,"$43,827,586",minnesota-timberwolves,2024,43827586
347,Anthony Edwards,"$42,176,400",minnesota-timberwolves,2024,42176400
348,Julius Randle,"$33,073,920",minnesota-timberwolves,2024,33073920
349,Jaden McDaniels,"$22,586,207",minnesota-timberwolves,2024,22586207
350,Naz Reid,"$13,986,432",minnesota-timberwolves,2024,13986432
351,Donte DiVincenzo,"$11,445,000",minnesota-timberwolves,2024,11445000
352,Mike Conley,"$9,975,962",minnesota-timberwolves,2024,9975962
353,Rob Dillingham,"$6,262,920",minnesota-timberwolves,2024,6262920
354,N. Alexander-Walker,"$4,312,500",minnesota-timberwolves,2024,4312500
355,Joe Ingles,"$3,303,771",minnesota-timberwolves,2024,3303771
356,Keita Bates-Diop,"$2,654,644",minnesota-timberwolves,2024,2654644
357,T. Shannon,"$2,546,640",minnesota-timberwolves,2024,2546640
358,Luka Garza,"$2,162,606",minnesota-timberwolves,2024,2162606
359,Leonard Miller,"$1,891,857",minnesota-timberwolves,2024,1891857
360,PJ Dozier,"$1,051,255",minnesota-timberwolves,2024,1051255
361,Jaylen Clark,"$907,334",minnesota-timberwolves,2024,907334
362,Tristen Newton,"$578,577",minnesota-timberwolves,2024,578577
363,Jesse Edwards,"$578,577",minnesota-timberwolves,2024,578577
364,Daishen Nix,"$238,068",minnesota-timberwolves,2024,238068
365,Bones Hyland,"$147,988",minnesota-timberwolves,2024,147988
366,Zion Williamson,"$36,725,670",new-orleans-pelicans,2024,36725670
367,CJ McCollum,"$33,333,333",new-orleans-pelicans,2024,33333333
368,Dejounte Murray,"$28,817,135",new-orleans-pelicans,2024,28817135
369,Bruce Brown,"$23,000,000",new-orleans-pelicans,2024,23000000
370,Herb Jones,"$12,976,362",new-orleans-pelicans,2024,12976362
371,Kelly Olynyk,"$12,804,878",new-orleans-pelicans,2024,12804878
372,Trey Murphy,"$5,159,854",new-orleans-pelicans,2024,5159854
373,Jordan Hawkins,"$4,525,706",new-orleans-pelicans,2024,4525706
374,Yves Missi,"$3,193,200",new-orleans-pelicans,2024,3193200
375,J. Robinson-Earl,"$2,196,970",new-orleans-pelicans,2024,2196970
376,Jose Alvarado,"$1,988,598",new-orleans-pelicans,2024,1988598
377,Javonte Green,"$1,728,448",new-orleans-pelicans,2024,1728448
378,Karlo Matkovic,"$1,407,153",new-orleans-pelicans,2024,1407153
379,Antonio Reeves,"$1,157,153",new-orleans-pelicans,2024,1157153
380,BJ Boston,"$1,005,158",new-orleans-pelicans,2024,1005158
381,Elfrid Payton,"$652,671",new-orleans-pelicans,2024,652671
382,Trey Jemison,"$578,577",new-orleans-pelicans,2024,578577
383,Jamal Cain,"$578,577",new-orleans-pelicans,2024,578577
384,Keion Brooks Jr.,"$305,628",new-orleans-pelicans,2024,305628
385,Jaylen Nowell,"$278,782",new-orleans-pelicans,2024,278782
386,Jalen Crutcher,"$154,423",new-orleans-pelicans,2024,154423
387,Lester Quinones,"$135,120",new-orleans-pelicans,2024,135120
388,Malcolm Hill,"$75,000",new-orleans-pelicans,2024,75000
389,K. Towns,"$49,205,800",new-york-knicks,2024,49205800
390,OG Anunoby,"$36,637,932",new-york-knicks,2024,36637932
391,Jalen Brunson,"$24,960,001",new-york-knicks,2024,24960001
392,Mikal Bridges,"$23,300,000",new-york-knicks,2024,23300000
393,Josh Hart,"$18,144,000",new-york-knicks,2024,18144000
394,M. Robinson,"$14,318,182",new-york-knicks,2024,14318182
395,Precious Achiuwa,"$6,000,000",new-york-knicks,2024,6000000
396,Miles McBride,"$4,710,144",new-york-knicks,2024,4710144
397,Delon Wright,"$3,003,427",new-york-knicks,2024,3003427
398,Cameron Payne,"$3,003,427",new-york-knicks,2024,3003427
399,Tyler Kolek,"$2,087,519",new-york-knicks,2024,2087519
400,Pacome Dadiet,"$1,808,080",new-york-knicks,2024,1808080
401,Ariel Hukporti,"$1,112,306",new-york-knicks,2024,1112306
402,Matt Ryan,"$978,541",new-york-knicks,2024,978541
403,P.J. Tucker,"$626,577",new-york-knicks,2024,626577
404,Anton Watson,"$578,577",new-york-knicks,2024,578577
405,Jacob Toppin,"$578,577",new-york-knicks,2024,578577
406,K. McCullar,"$578,577",new-york-knicks,2024,578577
407,Boo Buie,"$143,308",new-york-knicks,2024,143308
408,Marjon Beauchamp,"$131,903",new-york-knicks,2024,131903
409,S. Gilgeous-Alexander,"$35,859,950",oklahoma-city-thunder,2024,35859950
410,I. Hartenstein,"$30,000,000",oklahoma-city-thunder,2024,30000000
411,Luguentz Dort,"$17,000,000",oklahoma-city-thunder,2024,17000000
412,Isaiah Joe,"$12,991,650",oklahoma-city-thunder,2024,12991650
413,Aaron Wiggins,"$10,981,303",oklahoma-city-thunder,2024,10981303
414,Chet Holmgren,"$10,880,640",oklahoma-city-thunder,2024,10880640
415,Alex Caruso,"$9,890,000",oklahoma-city-thunder,2024,9890000
416,Kenrich Williams,"$6,669,000",oklahoma-city-thunder,2024,6669000
417,Cason Wallace,"$5,555,920",oklahoma-city-thunder,2024,5555920
418,Ousmane Dieng,"$5,027,040",oklahoma-city-thunder,2024,5027040
419,Nikola Topic,"$4,935,960",oklahoma-city-thunder,2024,4935960
420,Jalen Williams,"$4,775,760",oklahoma-city-thunder,2024,4775760
421,Ajay Mitchell,"$3,347,451",oklahoma-city-thunder,2024,3347451
422,Daniel Theis,"$2,800,834",oklahoma-city-thunder,2024,2800834
423,Dillon Jones,"$2,622,360",oklahoma-city-thunder,2024,2622360
424,Kevin Porter,"$1,000,000",oklahoma-city-thunder,2024,1000000
425,Branden Carlson,"$717,538",oklahoma-city-thunder,2024,717538
426,Alex Ducas,"$578,577",oklahoma-city-thunder,2024,578577
427,Adam Flagler,"$578,577",oklahoma-city-thunder,2024,578577
428,Malevy Leons,"$126,356",oklahoma-city-thunder,2024,126356
429,Alex Reese,"$79,804",oklahoma-city-thunder,2024,79804
430,Jonathan Isaac,"$27,600,000",orlando-magic,2024,27600000
431,K. Caldwell-Pope,"$22,757,000",orlando-magic,2024,22757000
432,Cole Anthony,"$12,900,000",orlando-magic,2024,12900000
433,Paolo Banchero,"$12,160,800",orlando-magic,2024,12160800
434,Wendell Carter,"$11,950,000",orlando-magic,2024,11950000
435,Moritz Wagner,"$11,000,000",orlando-magic,2024,11000000
436,Jalen Suggs,"$9,188,385",orlando-magic,2024,9188385
437,Goga Bitadze,"$9,057,971",orlando-magic,2024,9057971
438,Anthony Black,"$7,607,754",orlando-magic,2024,7607754
439,Gary Harris,"$7,500,000",orlando-magic,2024,7500000
440,Franz Wagner,"$7,007,092",orlando-magic,2024,7007092
441,Jett Howard,"$5,278,165",orlando-magic,2024,5278165
442,Tristan da Silva,"$3,628,440",orlando-magic,2024,3628440
443,Cory Joseph,"$3,303,771",orlando-magic,2024,3303771
444,Mac McClung,"$578,577",orlando-magic,2024,578577
445,Trevelin Queen,"$578,577",orlando-magic,2024,578577
446,Ethan Thompson,"$212,331",orlando-magic,2024,212331
447,Joel Embiid,"$51,415,938",philadelphia-76ers,2024,51415938
448,Paul George,"$49,205,800",philadelphia-76ers,2024,49205800
449,Tyrese Maxey,"$35,147,000",philadelphia-76ers,2024,35147000
450,Kelly Oubre Jr.,"$7,983,000",philadelphia-76ers,2024,7983000
451,Andre Drummond,"$5,000,000",philadelphia-76ers,2024,5000000
452,Quentin Grimes,"$4,296,682",philadelphia-76ers,2024,4296682
453,Jared McCain,"$4,020,360",philadelphia-76ers,2024,4020360
454,Kyle Lowry,"$3,303,771",philadelphia-76ers,2024,3303771
455,Eric Gordon,"$3,303,771",philadelphia-76ers,2024,3303771
456,G. Yabusele,"$2,087,519",philadelphia-76ers,2024,2087519
457,Adem Bona,"$1,157,153",philadelphia-76ers,2024,1157153
458,Jared Butler,"$1,115,697",philadelphia-76ers,2024,1115697
459,Justin Edwards,"$782,721",philadelphia-76ers,2024,782721
460,Lonnie Walker IV,"$780,932",philadelphia-76ers,2024,780932
461,Jeff Dowtin,"$578,577",philadelphia-76ers,2024,578577
462,Lester Quinones,"$289,289",philadelphia-76ers,2024,289289
463,David Roddy,"$287,263",philadelphia-76ers,2024,287263
464,Chuma Okeke,"$257,206",philadelphia-76ers,2024,257206
465,Alex Reese,"$170,508",philadelphia-76ers,2024,170508
466,J. Hood-Schifino,"$141,554",philadelphia-76ers,2024,141554
467,Isaiah Mobley,"$11,997",philadelphia-76ers,2024,11997
468,Kevin Durant,"$51,179,020",phoenix-suns,2024,51179020
469,Bradley Beal,"$50,203,930",phoenix-suns,2024,50203930
470,Devin Booker,"$49,205,800",phoenix-suns,2024,49205800
471,Grayson Allen,"$15,625,000",phoenix-suns,2024,15625000
472,Royce O'Neale,"$9,375,000",phoenix-suns,2024,9375000
473,Cody Martin,"$8,120,000",phoenix-suns,2024,8120000
474,Vasilije Micic,"$7,723,000",phoenix-suns,2024,7723000
475,Nick Richards,"$5,000,000",phoenix-suns,2024,5000000
476,Mason Plumlee,"$3,303,771",phoenix-suns,2024,3303771
477,Nassir Little,"$3,107,143",phoenix-suns,2024,3107143
478,Tyus Jones,"$3,003,427",phoenix-suns,2024,3003427
479,Damion Lee,"$2,800,834",phoenix-suns,2024,2800834
480,Monte Morris,"$2,800,834",phoenix-suns,2024,2800834
481,Ryan Dunn,"$2,530,800",phoenix-suns,2024,2530800
482,Bol Bol,"$2,425,403",phoenix-suns,2024,2425403
483,Oso Ighodaro,"$1,862,265",phoenix-suns,2024,1862265
484,EJ Liddell,"$706,898",phoenix-suns,2024,706898
485,T. Washington,"$578,577",phoenix-suns,2024,578577
486,Collin Gillespie,"$578,577",phoenix-suns,2024,578577
487,Jalen Bridges,"$578,577",phoenix-suns,2024,578577
488,Deandre Ayton,"$34,005,126",portland-trail-blazers,2024,34005126
489,Jerami Grant,"$29,793,104",portland-trail-blazers,2024,29793104
490,Anfernee Simons,"$25,892,857",portland-trail-blazers,2024,25892857
491,Deni Avdija,"$15,625,000",portland-trail-blazers,2024,15625000
492,Robert Williams,"$12,428,571",portland-trail-blazers,2024,12428571
493,Matisse Thybulle,"$11,025,000",portland-trail-blazers,2024,11025000
494,Scoot Henderson,"$10,259,449",portland-trail-blazers,2024,10259449
495,Donovan Clingan,"$6,836,400",portland-trail-blazers,2024,6836400
496,Shaedon Sharpe,"$6,614,160",portland-trail-blazers,2024,6614160
497,Kris Murray,"$2,990,040",portland-trail-blazers,2024,2990040
498,Dalano Banton,"$2,196,970",portland-trail-blazers,2024,2196970
499,Duop Reath,"$2,048,780",portland-trail-blazers,2024,2048780
500,Toumani Camara,"$1,891,857",portland-trail-blazers,2024,1891857
501,Rayan Rupert,"$1,891,857",portland-trail-blazers,2024,1891857
502,Eric Bledsoe,"$1,300,000",portland-trail-blazers,2024,1300000
503,Taze Moore,"$578,577",portland-trail-blazers,2024,578577
504,Bryce McGowens,"$578,577",portland-trail-blazers,2024,578577
505,Justin Minaya,"$578,577",portland-trail-blazers,2024,578577
506,Didi Louzada,"$268,032",portland-trail-blazers,2024,268032
507,Sidy Cissoko,"$209,114",portland-trail-blazers,2024,209114
508,Zach LaVine,"$44,531,940",sacramento-kings,2024,44531940
509,Domantas Sabonis,"$39,200,000",sacramento-kings,2024,39200000
510,DeMar DeRozan,"$23,400,000",sacramento-kings,2024,23400000
511,Malik Monk,"$17,405,203",sacramento-kings,2024,17405203
512,J. Valanciunas,"$9,900,000",sacramento-kings,2024,9900000
513,Keegan Murray,"$8,809,560",sacramento-kings,2024,8809560
514,Trey Lyles,"$8,000,000",sacramento-kings,2024,8000000
515,Devin Carter,"$4,689,000",sacramento-kings,2024,4689000
516,Jake LaRavia,"$3,352,680",sacramento-kings,2024,3352680
517,Doug McDermott,"$3,303,771",sacramento-kings,2024,3303771
518,Keon Ellis,"$2,120,693",sacramento-kings,2024,2120693
519,Markelle Fultz,"$981,902",sacramento-kings,2024,981902
520,Isaac Jones,"$641,962",sacramento-kings,2024,641962
521,Isaiah Crawford,"$578,577",sacramento-kings,2024,578577
522,Mason Jones,"$578,577",sacramento-kings,2024,578577
523,Skal Labissiere,"$128,603",sacramento-kings,2024,128603
524,Daishen Nix,"$124,288",sacramento-kings,2024,124288
525,Terence Davis,"$64,301",sacramento-kings,2024,64301
526,De'Aaron Fox,"$34,848,340",san-antonio-spurs,2024,34848340
527,Devin Vassell,"$29,347,826",san-antonio-spurs,2024,29347826
528,Keldon Johnson,"$19,000,000",san-antonio-spurs,2024,19000000
529,Harrison Barnes,"$18,000,000",san-antonio-spurs,2024,18000000
530,V. Wembanyama,"$12,768,664",san-antonio-spurs,2024,12768664
531,Chris Paul,"$10,983,000",san-antonio-spurs,2024,10983000
532,Stephon Castle,"$9,105,120",san-antonio-spurs,2024,9105120
533,Jeremy Sochan,"$5,570,040",san-antonio-spurs,2024,5570040
534,Jalen McDaniels,"$4,741,800",san-antonio-spurs,2024,4741800
535,Malaki Branham,"$3,217,920",san-antonio-spurs,2024,3217920
536,Blake Wesley,"$2,624,280",san-antonio-spurs,2024,2624280
537,P. Baldwin,"$2,448,840",san-antonio-spurs,2024,2448840
538,J. McLaughlin,"$2,425,403",san-antonio-spurs,2024,2425403
539,S. Mamukelashvili,"$2,162,606",san-antonio-spurs,2024,2162606
540,Charles Bassey,"$2,162,606",san-antonio-spurs,2024,2162606
541,Bismack Biyombo,"$1,253,154",san-antonio-spurs,2024,1253154
542,Harrison Ingram,"$578,577",san-antonio-spurs,2024,578577
543,David Duke Jr.,"$578,577",san-antonio-spurs,2024,578577
544,Riley Minix,"$578,577",san-antonio-spurs,2024,578577
545,Brandon Ingram,"$36,016,200",toronto-raptors,2024,36016200
546,I. Quickley,"$32,500,000",toronto-raptors,2024,32500000
547,RJ Barrett,"$25,794,643",toronto-raptors,2024,25794643
548,Jakob Poeltl,"$19,500,000",toronto-raptors,2024,19500000
549,P.J. Tucker,"$11,539,000",toronto-raptors,2024,11539000
550,Chris Boucher,"$10,810,000",toronto-raptors,2024,10810000
551,Scottie Barnes,"$10,130,980",toronto-raptors,2024,10130980
552,Gradey Dick,"$4,763,543",toronto-raptors,2024,4763543
553,Ochai Agbaji,"$4,310,280",toronto-raptors,2024,4310280
554,Ja'Kobe Walter,"$3,465,000",toronto-raptors,2024,3465000
555,Garrett Temple,"$3,303,771",toronto-raptors,2024,3303771
556,Jonathan Mogbo,"$1,862,265",toronto-raptors,2024,1862265
557,Jamal Shead,"$1,862,265",toronto-raptors,2024,1862265
558,Jamison Battle,"$1,350,668",toronto-raptors,2024,1350668
559,Bruno Fernando,"$1,115,128",toronto-raptors,2024,1115128
560,Ulrich Chomche,"$578,577",toronto-raptors,2024,578577
561,AJ Lawson,"$456,809",toronto-raptors,2024,456809
562,Colin Castleton,"$314,053",toronto-raptors,2024,314053
563,D.J. Carton,"$289,289",toronto-raptors,2024,289289
564,Jared Rhoden,"$251,875",toronto-raptors,2024,251875
565,Eugene Omoruyi,"$124,288",toronto-raptors,2024,124288
566,J. Freeman-Liberty,"$100,000",toronto-raptors,2024,100000
567,Branden Carlson,"$77,500",toronto-raptors,2024,77500
568,Lauri Markkanen,"$42,176,400",utah-jazz,2024,42176400
569,John Collins,"$26,580,000",utah-jazz,2024,26580000
570,Collin Sexton,"$18,150,000",utah-jazz,2024,18150000
571,Jordan Clarkson,"$14,092,577",utah-jazz,2024,14092577
572,KJ Martin,"$7,975,000",utah-jazz,2024,7975000
573,Taylor Hendricks,"$5,848,366",utah-jazz,2024,5848366
574,Cody Williams,"$5,469,120",utah-jazz,2024,5469120
575,Keyonte George,"$4,084,265",utah-jazz,2024,4084265
576,J. Hood-Schifino,"$3,879,830",utah-jazz,2024,3879830
577,S. Mykhailiuk,"$3,500,000",utah-jazz,2024,3500000
578,Johnny Juzang,"$3,087,519",utah-jazz,2024,3087519
579,Josh Richardson,"$3,051,153",utah-jazz,2024,3051153
580,Kyle Filipowski,"$3,000,000",utah-jazz,2024,3000000
581,Walker Kessler,"$2,965,920",utah-jazz,2024,2965920
582,Brice Sensabaugh,"$2,571,030",utah-jazz,2024,2571030
583,Isaiah Collier,"$2,512,680",utah-jazz,2024,2512680
584,R. Westbrook,"$2,327,525",utah-jazz,2024,2327525
585,Jaden Springer,"$758,725",utah-jazz,2024,758725
586,Oscar Tshiebwe,"$578,577",utah-jazz,2024,578577
587,Micah Potter,"$578,577",utah-jazz,2024,578577
588,EJ Harkless,"$331,365",utah-jazz,2024,331365
589,Jason Preston,"$289,289",utah-jazz,2024,289289
590,D. Jones,"$175,480",utah-jazz,2024,175480
591,Taevion Kinsey,"$77,500",utah-jazz,2024,77500
592,Khris Middleton,"$31,000,000",washington-wizards,2024,31000000
593,Jordan Poole,"$29,651,786",washington-wizards,2024,29651786
594,Malcolm Brogdon,"$22,500,000",washington-wizards,2024,22500000
595,Marcus Smart,"$20,210,285",washington-wizards,2024,20210285
596,Richaun Holmes,"$12,648,321",washington-wizards,2024,12648321
597,Alex Sarr,"$11,245,680",washington-wizards,2024,11245680
598,Bilal Coulibaly,"$6,945,240",washington-wizards,2024,6945240
599,Saddiq Bey,"$6,440,678",washington-wizards,2024,6440678
600,Corey Kispert,"$5,705,887",washington-wizards,2024,5705887
601,C. Carrington,"$4,454,880",washington-wizards,2024,4454880
602,Alex Len,"$3,303,771",washington-wizards,2024,3303771
603,Reggie Jackson,"$3,303,771",washington-wizards,2024,3303771
604,Kyshawn George,"$2,825,520",washington-wizards,2024,2825520
605,AJ Johnson,"$2,795,294",washington-wizards,2024,2795294
606,Anthony Gill,"$2,237,691",washington-wizards,2024,2237691
607,J. Champagnie,"$2,224,662",washington-wizards,2024,2224662
608,Colby Jones,"$2,120,693",washington-wizards,2024,2120693
609,Sidy Cissoko,"$1,891,857",washington-wizards,2024,1891857
610,Ryan Rollins,"$600,000",washington-wizards,2024,600000
611,JT Thor,"$578,577",washington-wizards,2024,578577
612,Tristan Vukcevic,"$578,577",washington-wizards,2024,578577
613,Jaylen Martin,"$209,114",washington-wizards,2024,209114
614,Jaylen Nowell,"$195,147",washington-wizards,2024,195147
615,Jalen McDaniels,"$139,391",washington-wizards,2024,139391
